Index,Place Id,Name,Address,Category,Status,Latitude,Longitude,Link,SearchKeyword
1,na_noloc,,,,,,,,"Psychologist, Islamabad"
5,sochclinicsislamabad_33.696830_73.051393,SOCH Clinics Islamabad Branch,,Psychologist,Open,33.69683,73.0513934,https://www.google.com/maps/place/SOCH+Clinics+Islamabad+Branch/data=!4m7!3m6!1s0x38dfecffddb2c569:0x1aeb15c96e355700!8m2!3d33.69683!4d73.0513934!16s%2Fg%2F11f_0wnkrh!19sChIJacWy3f_s3zgRAFc1bskV6xo?authuser=0&hl=en&rclk=1,"Psychologist, Islamabad"
37,meetingmattersclinic_33.678552_73.010743,"Meeting Matters Clinic - Psychologists, Counselors and Therapists","Meeting Matters Clinic - Psychologists, Counselors and Therapists
4.8(272)
Psychologist · House 90, Street 27
Open 24 hours · +92 311 1155601",Psychologist,Open 24 hours,33.6785523,73.0107434,"https://www.google.com/maps/place/Meeting+Matters+Clinic+-+Psychologists,+Counselors+and+Therapists/data=!4m7!3m6!1s0x38dfbfb8974ddb91:0xe24956d22a3380b6!8m2!3d33.6785523!4d73.0107434!16s%2Fg%2F11gxnvs765!19sChIJkdtNl7i_3zgRtoAzKtJWSeI?authuser=0&hl=en&rclk=1","Psychologist, Islamabad"
38,sairaalicounsellorps_33.536729_73.156624,Saira Ali - Counsellor Psychologist | Psychotherapist & Certified Life Coach.,"Saira Ali - Counsellor Psychologist | Psychotherapist & Certified Life Coach.
4.8(323)
Psychologist ·  · 3A / 53, south commercial
Open 24 hours · +92 333 3111534",Psychologist,Open 24 hours,33.5367292,73.1566236,https://www.google.com/maps/place/Saira+Ali+-+Counsellor+Psychologist+%7C+Psychotherapist+%26+Certified+Life+Coach./data=!4m7!3m6!1s0x38dfed3ec29dfe23:0xf4dcb0afd3c562a3!8m2!3d33.5367292!4d73.1566236!16s%2Fg%2F11mw6w8yfz!19sChIJI_6dwj7t3zgRo2LF06-w3PQ?authuser=0&hl=en&rclk=1,"Psychologist, Islamabad"
39,sochpsychologicalcli_33.560173_73.133577,SOCH Psychological Clinics Bahria Branch,"SOCH Psychological Clinics Bahria Branch
4.9(163)
Psychologist ·  · 415D Street 26, near Bahria 1
Open ⋅ Closes 7 PM · +92 343 1433331",Psychologist,Open,33.5601729,73.1335767,https://www.google.com/maps/place/SOCH+Psychological+Clinics+Bahria+Branch/data=!4m7!3m6!1s0x38dfedee6ff0f6f9:0x596fc28ace050820!8m2!3d33.5601729!4d73.1335767!16s%2Fg%2F11h6m4n74z!19sChIJ-fbwb-7t3zgRIAgFzorCb1k?authuser=0&hl=en&rclk=1,"Psychologist, Islamabad"
40,farhatjanpsychologis_33.564307_73.148501,"Farhat Jan Psychologist (Member of APA, ISSUP & ANZMH) (Ph.D Scholar)","Farhat Jan Psychologist (Member of APA, ISSUP & ANZMH) (Ph.D Scholar)
4.9(446)
Psychologist ·  · Street 3
Open ⋅ Closes 8:30 PM · +92 336 9580236",Psychologist,Open,33.5643074,73.1485008,"https://www.google.com/maps/place/Farhat+Jan+Psychologist+%28Member+of+APA,+ISSUP+%26+ANZMH%29+%28Ph.D+Scholar%29/data=!4m7!3m6!1s0x38dfed9bf44137eb:0xb8187adca7100e4d!8m2!3d33.5643074!4d73.1485008!16s%2Fg%2F11t1bm_gqz!19sChIJ6zdB9Jvt3zgRTQ4Qp9x6GLg?authuser=0&hl=en&rclk=1","Psychologist, Islamabad"
41,kiranaamirclinicalps_33.663053_73.080783,Kiran Aamir - Clinical Psychologist,"Kiran Aamir - Clinical Psychologist
4.9(35)
Psychologist ·  · Suit # 992, Street 92
Open 24 hours · +92 300 9823852",Psychologist,Open 24 hours,33.6630531,73.0807827,https://www.google.com/maps/place/Kiran+Aamir+-+Clinical+Psychologist/data=!4m7!3m6!1s0x38df95c336906265:0x835a7106e243b104!8m2!3d33.6630531!4d73.0807827!16s%2Fg%2F11fkwd0tny!19sChIJZWKQNsOV3zgRBLFD4gZxWoM?authuser=0&hl=en&rclk=1,"Psychologist, Islamabad"
42,sehatyabonlinepsychi_33.649743_73.041717,SehatYab - Online Psychiatrists | Psychologists | Psychotherapists | Counselors in Pakistan,"SehatYab - Online Psychiatrists | Psychologists | Psychotherapists | Counselors in Pakistan
4.9(344)
Psychologist · Kickstart, 189 Korang Road
Open ⋅ Closes 4 PM ⋅ Reopens 8 PM · +92 304 1112310",Psychologist,Open,33.6497433,73.0417171,https://www.google.com/maps/place/SehatYab+-+Online+Psychiatrists+%7C+Psychologists+%7C+Psychotherapists+%7C+Counselors+in+Pakistan/data=!4m7!3m6!1s0x38dfedd5e8db75c1:0xf91d3f0f61844771!8m2!3d33.6497433!4d73.0417171!16s%2Fg%2F11qr5pxnd2!19sChIJwXXb6NXt3zgRcUeEYQ8_Hfk?authuser=0&hl=en&rclk=1,"Psychologist, Islamabad"
43,psychcaredrsemrasali_33.696563_73.049969,PsychCare | Dr. Semra Salik - Consultant Clinical Psychologist | Psychotherapist,"PsychCare | Dr. Semra Salik - Consultant Clinical Psychologist | Psychotherapist
4.6(146)
Psychologist ·  · First Floor, Time Square Plaza, Office 1
Open ⋅ Closes 8 PM · +92 331 2220247",Psychologist,Open,33.6965626,73.0499694,https://www.google.com/maps/place/PsychCare+%7C+Dr.+Semra+Salik+-+Consultant+Clinical+Psychologist+%7C+Psychotherapist/data=!4m7!3m6!1s0x38dfbf4ce20f21f3:0x1bfc129808552783!8m2!3d33.6965626!4d73.0499694!16s%2Fg%2F11hdpgs2jx!19sChIJ8yEP4ky_3zgRgydVCJgS_Bs?authuser=0&hl=en&rclk=1,"Psychologist, Islamabad"
44,happylifepsychologic_33.619057_73.140475,Happy Life Psychological Services (HLPS),"Happy Life Psychological Services (HLPS)
5.0(272)
Rehabilitation center · HLPS Drugs Addiction Treatment Center, Street 5
Open 24 hours · +92 300 0945066",Rehabilitation center,Open 24 hours,33.6190574,73.1404751,https://www.google.com/maps/place/Happy+Life+Psychological+Services+%28HLPS%29/data=!4m7!3m6!1s0x38dfeb3df297c315:0xbc3c428ab879ac66!8m2!3d33.6190574!4d73.1404751!16s%2Fg%2F11t7p8bmc3!19sChIJFcOX8j3r3zgRZqx5uIpCPLw?authuser=0&hl=en&rclk=1,"Psychologist, Islamabad"
45,psychologicalhealthc_33.697728_73.046929,Psychological health care center Islamabad,"Psychological health care center Islamabad
4.8(33)
Psychologist · House no, 279 Street 3, opposite tandoori restaurant
+92 300 8505221",Psychologist,,33.6977283,73.0469289,https://www.google.com/maps/place/Psychological+health+care+center+Islamabad/data=!4m7!3m6!1s0x38dfbf72b1434937:0xe555922930620b05!8m2!3d33.6977283!4d73.0469289!16s%2Fg%2F11r7s3l2sh!19sChIJN0lDsXK_3zgRBQtiMCmSVeU?authuser=0&hl=en&rclk=1,"Psychologist, Islamabad"
46,psychologicalwellbei_33.620653_73.086234,"Psychological Wellbeing Islamabad | Psychologist and Counselors | Individuals, Couples and Relationship Counseling","Psychological Wellbeing Islamabad | Psychologist and Counselors | Individuals, Couples and Relationship Counseling
5.0(50)
Psychologist
Open 24 hours · +92 302 1900145",Psychologist,Open 24 hours,33.6206526,73.0862337,"https://www.google.com/maps/place/Psychological+Wellbeing+Islamabad+%7C+Psychologist+and+Counselors+%7C+Individuals,+Couples+and+Relationship+Counseling/data=!4m7!3m6!1s0x858151eb951377bb:0x73a56b47a6082d2c!8m2!3d33.6206526!4d73.0862337!16s%2Fg%2F11vzy2wkzm!19sChIJu3cTletRgYURLC0IpkdrpXM?authuser=0&hl=en&rclk=1","Psychologist, Islamabad"
47,ipcislamabadpsycholo_30.362957_68.996698,IPC - Islamabad Psychological Center,"IPC - Islamabad Psychological Center
5.0(29)
Psychologist
Open ⋅ Closes 5 PM · +92 316 9224768",Psychologist,Open,30.3629572,68.9966984,https://www.google.com/maps/place/IPC+-+Islamabad+Psychological+Center/data=!4m7!3m6!1s0x38dfc16b601ee5e9:0xd784645af3ece5e7!8m2!3d30.3629572!4d68.9966984!16s%2Fg%2F11fm5c7pn_!19sChIJ6eUeYGvB3zgR5-Xs81pkhNc?authuser=0&hl=en&rclk=1,"Psychologist, Islamabad"
48,islamabadpsychologic_33.691360_72.999301,Islamabad Psychological Support By Maliha Ahmed,"Islamabad Psychological Support By Maliha Ahmed
5.0(33)
Mental health service · MXRX+GPV, Street 14
Open 24 hours · +92 316 5823033",Mental health service,Open 24 hours,33.6913602,72.9993008,https://www.google.com/maps/place/Islamabad+Psychological+Support+By+Maliha+Ahmed/data=!4m7!3m6!1s0x38dfbf0ac6cfc751:0x81abda60bfe86fad!8m2!3d33.6913602!4d72.9993008!16s%2Fg%2F11q1qqj_w5!19sChIJUcfPxgq_3zgRrW_ov2Daq4E?authuser=0&hl=en&rclk=1,"Psychologist, Islamabad"
49,msnatashafazalmember_33.564876_73.126059,"Ms.Natasha Fazal (Member APA,ACPA,ISSUP,ANZMH) UK Certified | Clinical Psychologist","Ms.Natasha Fazal (Member APA,ACPA,ISSUP,ANZMH) UK Certified | Clinical Psychologist
4.9(425)
Psychologist ·  · Main PWD Rd
Closed ⋅ Opens 5:30 PM · +92 335 0466607",Psychologist,Closed,33.564876,73.126059,"https://www.google.com/maps/place/Ms.Natasha+Fazal+%28Member+APA,ACPA,ISSUP,ANZMH%29+UK+Certified+%7C+Clinical+Psychologist/data=!4m7!3m6!1s0x38dfed0fe4c24d8d:0x7186fe41ffbc2916!8m2!3d33.564876!4d73.126059!16s%2Fg%2F11mhr1svmb!19sChIJjU3C5A_t3zgRFim8_0H-hnE?authuser=0&hl=en&rclk=1","Psychologist, Islamabad"
50,msasmafaridclinicalp_33.575440_73.198172,Ms. Asma Farid Clinical Psychologist | New Soch Rehab Centre Islamabad,"Ms. Asma Farid Clinical Psychologist | New Soch Rehab Centre Islamabad
5.0(30)
Psychologist · House # 6, Street 12 Main Road
Open ⋅ Closes 8 PM · +92 315 9491681",Psychologist,Open,33.5754397,73.198172,https://www.google.com/maps/place/Ms.+Asma+Farid+Clinical+Psychologist+%7C+New+Soch+Rehab+Centre+Islamabad/data=!4m7!3m6!1s0x97d3df12109579:0x6761c0153e5543b4!8m2!3d33.5754397!4d73.198172!16s%2Fg%2F11stszzq05!19sChIJeZUQEt_TlwARtENVPhXAYWc?authuser=0&hl=en&rclk=1,"Psychologist, Islamabad"
51,zaramaqboolpsychothe_33.691870_73.000525,Zara Maqbool-Psychotherapist/Marriage Counsellor/ Individual & Couple Therapy in Islamabad,"Zara Maqbool-Psychotherapist/Marriage Counsellor/ Individual & Couple Therapy in Islamabad
4.8(27)
Psychotherapist ·  · House # 300 Street 8
Open ⋅ Closes 7 PM · +92 322 8420877",Psychotherapist,Open,33.6918698,73.0005254,https://www.google.com/maps/place/Zara+Maqbool-Psychotherapist%2FMarriage+Counsellor%2F+Individual+%26+Couple+Therapy+in+Islamabad/data=!4m7!3m6!1s0x38df95dc2b5edf15:0xe24e90b0b82baaec!8m2!3d33.6918698!4d73.0005254!16s%2Fg%2F11h7q_jz77!19sChIJFd9eK9yV3zgR7KoruLCQTuI?authuser=0&hl=en&rclk=1,"Psychologist, Islamabad"
52,sumerabhatticlinical_33.564611_73.140212,"Sumera Bhatti, Clinical Psychologist, Islamabad Mind Therapy","Sumera Bhatti, Clinical Psychologist, Islamabad Mind Therapy
5.0(10)
Psychologist · House# 115, St#19 Pakistan Town Phase 2 Rd
Open 24 hours · +92 331 7443330",Psychologist,Open 24 hours,33.5646109,73.1402122,"https://www.google.com/maps/place/Sumera+Bhatti,+Clinical+Psychologist,+Islamabad+Mind+Therapy/data=!4m7!3m6!1s0x38dfbfb092bc4db3:0xcecb6e8ebad275a6!8m2!3d33.5646109!4d73.1402122!16s%2Fg%2F11w2bk2541!19sChIJs028krC_3zgRpnXSuo5uy84?authuser=0&hl=en&rclk=1","Psychologist, Islamabad"
53,rapidhealingmedicals_33.616116_73.086108,Rapid Healing Medical Services-Islamabad Clinic,"Rapid Healing Medical Services-Islamabad Clinic
4.4(14)
Psychologist
Open ⋅ Closes 7 PM · +92 336 1820007",Psychologist,Open,33.6161162,73.086108,https://www.google.com/maps/place/Rapid+Healing+Medical+Services-Islamabad+Clinic/data=!4m7!3m6!1s0x38dfbfe77b6af223:0xabddc83fde9e436f!8m2!3d33.6161162!4d73.086108!16s%2Fg%2F11jr6hpnh6!19sChIJI_Jqe-e_3zgRb0Oe3j_I3as?authuser=0&hl=en&rclk=1,"Psychologist, Islamabad"
54,abidchpsychologistth_33.570251_73.194192,Abid Ch Psychologist- The New Life Naval Anchorage Islamabad,"Abid Ch Psychologist- The New Life Naval Anchorage Islamabad
4.9(81)
Psychologist · House 8 Road E
Open ⋅ Closes 9 PM · +92 307 7850808",Psychologist,Open,33.5702513,73.1941916,https://www.google.com/maps/place/Abid+Ch+Psychologist-+The+New+Life+Naval+Anchorage+Islamabad/data=!4m7!3m6!1s0x38dfeff13eb412b7:0x462d7a1089428587!8m2!3d33.5702513!4d73.1941916!16s%2Fg%2F11t83lwrlq!19sChIJtxK0PvHv3zgRh4VCiRB6LUY?authuser=0&hl=en&rclk=1,"Psychologist, Islamabad"
55,subhenaz_33.562286_73.128429,Subh-e-Naz,"Subh-e-Naz
4.9(40)
Psychologist · Main PWD Rd, near Bahria Town
Open ⋅ Closes 8 PM · +92 334 8754314",Psychologist,Open,33.5622862,73.1284289,https://www.google.com/maps/place/Subh-e-Naz/data=!4m7!3m6!1s0x38dfed077f8f529b:0x3a0fe8614bf2c831!8m2!3d33.5622862!4d73.1284289!16s%2Fg%2F11fjzbt21p!19sChIJm1KPfwft3zgRMcjyS2HoDzo?authuser=0&hl=en&rclk=1,"Psychologist, Islamabad"
56,mhsphysiotherapyspee_33.722512_73.082228,MHS Physiotherapy Speech Therapy & Psychology Clinic,"MHS Physiotherapy Speech Therapy & Psychology Clinic
4.7(174)
Psychologist · Office No 12 Huma Plaza
Open ⋅ Closes 9 PM · +92 311 0979070",Psychologist,Open,33.7225119,73.0822276,https://www.google.com/maps/place/MHS+Physiotherapy+Speech+Therapy+%26+Psychology+Clinic/data=!4m7!3m6!1s0x38df95156aaaaab1:0x3ec18d3a9a0eb9f5!8m2!3d33.7225119!4d73.0822276!16s%2Fg%2F11hb28zf7j!19sChIJsaqqahWV3zgR9bkOmjqNwT4?authuser=0&hl=en&rclk=1,"Psychologist, Islamabad"
57,natashashaukatclinic_33.720986_73.079717,Natasha Shaukat Clinical Psychologist,"Natasha Shaukat Clinical Psychologist
5.0(44)
Psychologist · 96, west khyber plaza, AKM Fazl-ul-Haq Rd
Closed ⋅ Opens 3 PM · +92 300 6777593",Psychologist,Closed,33.7209861,73.0797173,https://www.google.com/maps/place/Natasha+Shaukat+Clinical+Psychologist/data=!4m7!3m6!1s0x38dfbfa2daaaaab3:0x35aa9804090526c4!8m2!3d33.7209861!4d73.0797173!16s%2Fg%2F11gf4nlpfh!19sChIJs6qq2qK_3zgRxCYFCQSYqjU?authuser=0&hl=en&rclk=1,"Psychologist, Islamabad"
58,psychologyexperts_33.669256_72.990622,Psychology Experts,"Psychology Experts
4.9(29)
Mental health service · 74
Open 24 hours · +92 309 5926068",Mental health service,Open 24 hours,33.6692556,72.9906222,https://www.google.com/maps/place/Psychology+Experts/data=!4m7!3m6!1s0x38df950b497037b3:0x757b97f13c10eb36!8m2!3d33.6692556!4d72.9906222!16s%2Fg%2F11k4t75y02!19sChIJszdwSQuV3zgRNusQPPGXe3U?authuser=0&hl=en&rclk=1,"Psychologist, Islamabad"
59,clinicalpsychologist_33.667697_73.075207,Clinical Psychologist Laiba,"Clinical Psychologist Laiba
5.0(34)
Psychologist · galleria
+92 310 5000459",Psychologist,,33.6676974,73.0752068,https://www.google.com/maps/place/Clinical+Psychologist+Laiba/data=!4m7!3m6!1s0x38df959c73713193:0xd17cf0eafc27ccfe!8m2!3d33.6676974!4d73.0752068!16s%2Fg%2F11l2xz7kx6!19sChIJkzFxc5yV3zgR_swn_OrwfNE?authuser=0&hl=en&rclk=1,"Psychologist, Islamabad"
60,theeclecticcounselin_33.698987_73.048552,The Eclectic Counseling Center Islamabad,"The Eclectic Counseling Center Islamabad
4.9(11)
Psychologist · Allah Dad Plaza, Flat No 8 block 19
+92 333 4215688",Psychologist,,33.6989867,73.0485523,https://www.google.com/maps/place/The+Eclectic+Counseling+Center+Islamabad/data=!4m7!3m6!1s0x38dfbf1a8548262f:0xbb3a27ee50be25ea!8m2!3d33.6989867!4d73.0485523!16s%2Fg%2F11rs064v8v!19sChIJLyZIhRq_3zgR6iW-UO4nOrs?authuser=0&hl=en&rclk=1,"Psychologist, Islamabad"
61,mindmatterswithsahar_33.683098_72.988423,Mind Matters with Sahar - 𝗖𝗼𝗻𝘀𝘂𝗹𝘁𝗮𝗻𝘁 𝗣𝘀𝘆𝗰𝗵𝗶𝗮𝘁𝗿𝗶𝘀𝘁 & 𝗣𝘀𝘆𝗰𝗵𝗼𝘁𝗵𝗲𝗿𝗮𝗽𝗶𝘀𝘁.,"Mind Matters with Sahar - 𝗖𝗼𝗻𝘀𝘂𝗹𝘁𝗮𝗻𝘁 𝗣𝘀𝘆𝗰𝗵𝗶𝗮𝘁𝗿𝗶𝘀𝘁 & 𝗣𝘀𝘆𝗰𝗵𝗼𝘁𝗵𝗲𝗿𝗮𝗽𝗶𝘀𝘁.
5.0(18)
Mental health clinic · 1st Floor, Office No. 4,5, Lord Trade Centre, above Najeeb Pharmacy
Open ⋅ Closes 6 PM · +92 316 1819835",Mental health clinic,Open,33.6830979,72.9884226,https://www.google.com/maps/place/Mind+Matters+with+Sahar+-+%F0%9D%97%96%F0%9D%97%BC%F0%9D%97%BB%F0%9D%98%80%F0%9D%98%82%F0%9D%97%B9%F0%9D%98%81%F0%9D%97%AE%F0%9D%97%BB%F0%9D%98%81+%F0%9D%97%A3%F0%9D%98%80%F0%9D%98%86%F0%9D%97%B0%F0%9D%97%B5%F0%9D%97%B6%F0%9D%97%AE%F0%9D%98%81%F0%9D%97%BF%F0%9D%97%B6%F0%9D%98%80%F0%9D%98%81+%26+%F0%9D%97%A3%F0%9D%98%80%F0%9D%98%86%F0%9D%97%B0%F0%9D%97%B5%F0%9D%97%BC%F0%9D%98%81%F0%9D%97%B5%F0%9D%97%B2%F0%9D%97%BF%F0%9D%97%AE%F0%9D%97%BD%F0%9D%97%B6%F0%9D%98%80%F0%9D%98%81./data=!4m7!3m6!1s0x38df950ff5ebcdcf:0x9e3d6f20cb779e0a!8m2!3d33.6830979!4d72.9884226!16s%2Fg%2F11y1cd4m76!19sChIJz83r9Q-V3zgRCp53yyBvPZ4?authuser=0&hl=en&rclk=1,"Psychologist, Islamabad"
62,wajeehazafarconsulta_33.620653_73.086234,Wajeeha Zafar (Consultant Clinical Psychologist),"Wajeeha Zafar (Consultant Clinical Psychologist)
5.0(16)
Psychologist
Open ⋅ Closes 6 PM · +92 336 9019790",Psychologist,Open,33.6206526,73.0862337,https://www.google.com/maps/place/Wajeeha+Zafar+%28Consultant+Clinical+Psychologist%29/data=!4m7!3m6!1s0x8b48e52f325331e1:0xbae77d1b2ba4c7cf!8m2!3d33.6206526!4d73.0862337!16s%2Fg%2F11kp_0mz28!19sChIJ4TFTMi_lSIsRz8ekKxt957o?authuser=0&hl=en&rclk=1,"Psychologist, Islamabad"
63,rapidfixspeechpathol_33.698813_72.967896,Rapid Fix Speech Pathologist/ Child Psychologist Physicaltherapy Clinic & Home Services,"Rapid Fix Speech Pathologist/ Child Psychologist Physicaltherapy Clinic & Home Services
5.0(16)
Psychologist ·  · 3 Hill Rd
Open 24 hours · +92 311 0979070",Psychologist,Open 24 hours,33.6988135,72.967896,https://www.google.com/maps/place/Rapid+Fix+Speech+Pathologist%2F+Child+Psychologist+Physicaltherapy+Clinic+%26+Home+Services/data=!4m7!3m6!1s0x38dfbd7848d6177d:0xa4b176043a471d6d!8m2!3d33.6988135!4d72.967896!16s%2Fg%2F11fnnr16l9!19sChIJfRfWSHi93zgRbR1HOgR2saQ?authuser=0&hl=en&rclk=1,"Psychologist, Islamabad"
64,sairaalicbttherapist_31.476410_74.280045,Saira ali - CBT Therapist in Lahore,"Saira ali - CBT Therapist in Lahore
5.0(30)
Psychologist
Open 24 hours · +92 334 0113340",Psychologist,Open 24 hours,31.4764102,74.2800447,https://www.google.com/maps/place/Saira+ali+-+CBT+Therapist+in+Lahore/data=!4m7!3m6!1s0x60072883be4a4131:0x8213487f2e2f02a!8m2!3d31.4764102!4d74.2800447!16s%2Fg%2F11sf1hm5rg!19sChIJMUFKvoMoB2ARKvDi8oc0IQg?authuser=0&hl=en&rclk=1,"Psychologist, Islamabad"
65,mhspsychotherapybeha_33.693447_73.013620,MHS Psychotherapy Behavior Therapy Speech Therapy Physiotherapy Services,"MHS Psychotherapy Behavior Therapy Speech Therapy Physiotherapy Services
5.0(16)
Psychologist ·  · D Plaza،, opposite Fatima Jinnah Park،
Open ⋅ Closes 9 PM · +92 311 0979070",Psychologist,Open,33.6934471,73.0136201,https://www.google.com/maps/place/MHS+Psychotherapy+Behavior+Therapy+Speech+Therapy+Physiotherapy+Services/data=!4m7!3m6!1s0x38dfed85fcaf095f:0x35b429488de5c377!8m2!3d33.6934471!4d73.0136201!16s%2Fg%2F11s745p3sk!19sChIJXwmv_IXt3zgRd8PljUgptDU?authuser=0&hl=en&rclk=1,"Psychologist, Islamabad"
66,therapywithzubia_33.695931_73.013124,Therapy with Zubia,"Therapy with Zubia
4.9(26)
Psychologist · Service Rd E
Closes soon ⋅ 3 PM ⋅ Opens 10 AM Fri · +92 306 1555992",Psychologist,Closes soon,33.6959311,73.0131236,https://www.google.com/maps/place/Therapy+with+Zubia/data=!4m7!3m6!1s0x38dfbf70a90137e1:0x6904f20b4edd8815!8m2!3d33.6959311!4d73.0131236!16s%2Fg%2F11vkm68xst!19sChIJ4TcBqXC_3zgRFYjdTgvyBGk?authuser=0&hl=en&rclk=1,"Psychologist, Islamabad"
67,dribadulhaqpsychiatr_33.666818_73.076175,Dr. Ibad-ul-Haq Psychiatry and Therapy Associates Islamabad,"Dr. Ibad-ul-Haq Psychiatry and Therapy Associates Islamabad
5.0(12)
Mental health service ·  · Pakland Business Center
Open ⋅ Closes 4 PM · +92 312 5313641",Mental health service,Open,33.6668179,73.0761751,https://www.google.com/maps/place/Dr.+Ibad-ul-Haq+Psychiatry+and+Therapy+Associates+Islamabad/data=!4m7!3m6!1s0x38df950ef9f894b5:0xd3f5dd6472c1a962!8m2!3d33.6668179!4d73.0761751!16s%2Fg%2F11qycq9lg4!19sChIJtZT4-Q6V3zgRYqnBcmTd9dM?authuser=0&hl=en&rclk=1,"Psychologist, Islamabad"
68,islamabadpsychiatric_33.663819_73.153974,Islamabad Psychiatric Clinic & Rehabilitation Centre | Addiction Treatment and Rehabilitation Center in Islamabad,"Islamabad Psychiatric Clinic & Rehabilitation Centre | Addiction Treatment and Rehabilitation Center in Islamabad
4.8(172)
Psychologist ·  · House No 10, Main Park Rd, adjacent Embassy Lodge Hotel
Open 24 hours · +92 315 0040350",Psychologist,Open 24 hours,33.6638193,73.1539744,https://www.google.com/maps/place/Islamabad+Psychiatric+Clinic+%26+Rehabilitation+Centre+%7C+Addiction+Treatment+and+Rehabilitation+Center+in+Islamabad/data=!4m7!3m6!1s0x38dfeb9814780d4d:0x8717ceb69842c135!8m2!3d33.6638193!4d73.1539744!16s%2Fg%2F11h1hnkywz!19sChIJTQ14FJjr3zgRNcFCmLbOF4c?authuser=0&hl=en&rclk=1,"Psychologist, Islamabad"
69,mentalmentorpsycholo_33.591475_73.129577,Mental mentor psychological and Counseling services,"Mental mentor psychological and Counseling services
4.8(10)
Mental health service · phase 2, Main PWD road house #107, Street 19
Open ⋅ Closes 5 PM · +92 340 8014785",Mental health service,Open,33.591475,73.129577,https://www.google.com/maps/place/Mental+mentor+psychological+and+Counseling+services/data=!4m7!3m6!1s0x38df951f2c53925b:0xeea47c72ad9bc63c!8m2!3d33.591475!4d73.129577!16s%2Fg%2F11s46rw2rr!19sChIJW5JTLB-V3zgRPMabrXJ8pO4?authuser=0&hl=en&rclk=1,"Psychologist, Islamabad"
70,khaistanoreenclinica_33.567540_73.135428,Khaista Noreen Clinical psychologist/child Therapist by Nexgen,"Khaista Noreen Clinical psychologist/child Therapist by Nexgen
5.0(3)
Mental health clinic · Main PWD Rd, opposite tehzeeb bakers
Open ⋅ Closes 9 PM · +92 333 6625992",Mental health clinic,Open,33.5675397,73.1354281,https://www.google.com/maps/place/Khaista+Noreen+Clinical+psychologist%2Fchild+Therapist+by+Nexgen/data=!4m7!3m6!1s0x38dfed70582c5e13:0x4366775210cf76f!8m2!3d33.5675397!4d73.1354281!16s%2Fg%2F11lz_0rzfv!19sChIJE14sWHDt3zgRb_cMIXVnNgQ?authuser=0&hl=en&rclk=1,"Psychologist, Islamabad"
71,mssyedazahragillanic_33.649890_72.976527,Ms. Syeda Zahra Gillani (Clinical Psychologist),"Ms. Syeda Zahra Gillani (Clinical Psychologist)
5.0(7)
Psychologist · Capital International Hospital, Street 3 Service Rd, adjacent to g13
Open ⋅ Closes 5 PM · +92 315 3515555",Psychologist,Open,33.6498902,72.9765265,https://www.google.com/maps/place/Ms.+Syeda+Zahra+Gillani+%28Clinical+Psychologist%29/data=!4m7!3m6!1s0x38df972664a8b9fb:0x1716d68704cd1cc0!8m2!3d33.6498902!4d72.9765265!16s%2Fg%2F11vzz1md07!19sChIJ-7moZCaX3zgRwBzNBIfWFhc?authuser=0&hl=en&rclk=1,"Psychologist, Islamabad"
72,drsyedazharalinewlif_33.565005_73.140663,Dr. Syed Azhar Ali -New Life Rehab Psychiatrist Consultant in Islamabad,"Dr. Syed Azhar Ali -New Life Rehab Psychiatrist Consultant in Islamabad
5.0(17)
Psychologist · House 106 Street 19 Pakistan Town Phase 2, Street Number 19
+92 323 8999561",Psychologist,,33.5650048,73.1406627,https://www.google.com/maps/place/Dr.+Syed+Azhar+Ali+-New+Life+Rehab+Psychiatrist+Consultant+in+Islamabad/data=!4m7!3m6!1s0x38dfedb8a9e119a3:0xb8159f2e2e23c15!8m2!3d33.5650048!4d73.1406627!16s%2Fg%2F11t6_sq4fy!19sChIJoxnhqbjt3zgRFTzi4vJZgQs?authuser=0&hl=en&rclk=1,"Psychologist, Islamabad"
73,drharmainpsychologis_33.686981_73.164191,Dr Harmain(psychologist),"Dr Harmain(psychologist)
5.0(1)
Psychologist · House Number 1, Rehara House, New, Jinnah Ave
Open 24 hours · +92 333 4456631",Psychologist,Open 24 hours,33.686981,73.1641912,https://www.google.com/maps/place/Dr+Harmain%28psychologist%29/data=!4m7!3m6!1s0x38dfebe7676acf1d:0x73d282f055c9277!8m2!3d33.686981!4d73.1641912!16s%2Fg%2F11h6xlycll!19sChIJHc9qZ-fr3zgRd5JcBS8oPQc?authuser=0&hl=en&rclk=1,"Psychologist, Islamabad"
74,houseofwellness_33.530553_73.132655,House of Wellness,"House of Wellness
4.8(80)
Psychologist ·  · East، 3rd Floor, 8th Plaza, Sector A Jinnah Boulevard، G T Road،
Open ⋅ Closes 6 PM · +92 335 5555469",Psychologist,Open,33.5305531,73.1326549,https://www.google.com/maps/place/House+of+Wellness/data=!4m7!3m6!1s0x38dfecf8156ab493:0xaddf9319798de0f3!8m2!3d33.5305531!4d73.1326549!16s%2Fg%2F11f4262ww7!19sChIJk7RqFfjs3zgR8-CNeRmT360?authuser=0&hl=en&rclk=1,"Psychologist, Islamabad"
75,naveedsultanclinical_33.618952_73.140413,Naveed Sultan Clinical Psychologist,"Naveed Sultan Clinical Psychologist
4.6(9)
Psychotherapist · J49R+H5M, Street 5
Open 24 hours · +92 300 0945066",Psychotherapist,Open 24 hours,33.6189515,73.1404126,https://www.google.com/maps/place/Naveed+Sultan+Clinical+Psychologist/data=!4m7!3m6!1s0x38dfeb6394969347:0xf9eb339e8e605c30!8m2!3d33.6189515!4d73.1404126!16s%2Fg%2F11rd2dhryf!19sChIJR5OWlGPr3zgRMFxgjp4z6_k?authuser=0&hl=en&rclk=1,"Psychologist, Islamabad"
76,smallstepslearningce_33.551408_73.139035,Small Steps Learning Centre (Pvt.) Ltd.,"Small Steps Learning Centre (Pvt.) Ltd.
4.7(46)
Mental health service · LG-9 Bahria Heights ll Ext, Bahira Town, phase 6, Islamabad The Health Professionals, Near MCB Islamic Bank Phase 6
Open ⋅ Closes 7 PM · +92 300 6558749",Mental health service,Open,33.551408,73.1390346,https://www.google.com/maps/place/Small+Steps+Learning+Centre+%28Pvt.%29+Ltd./data=!4m7!3m6!1s0x38dfed62401de2a5:0xcf2cbf9e323b5615!8m2!3d33.551408!4d73.1390346!16s%2Fg%2F11fpn_spzd!19sChIJpeIdQGLt3zgRFVY7Mp6_LM8?authuser=0&hl=en&rclk=1,"Psychologist, Islamabad"
77,draliyakhalidpsychia_33.710520_73.041911,Dr Aliya Khalid Psychiatrist,"Dr Aliya Khalid Psychiatrist
4.3(37)
Psychiatrist ·  · Ali Medical Center, Basement Room 5
Closed ⋅ Opens 11 AM Fri · +92 332 2221555",Psychiatrist,Closed,33.71052,73.041911,https://www.google.com/maps/place/Dr+Aliya+Khalid+Psychiatrist/data=!4m7!3m6!1s0x38dfbfd9e2f52c25:0xb5d39b5afef95921!8m2!3d33.71052!4d73.041911!16s%2Fg%2F11qnvpmnxb!19sChIJJSz14tm_3zgRIVn5_lqb07U?authuser=0&hl=en&rclk=1,"Psychologist, Islamabad"
78,iomhinstituteofmenta_33.635955_73.142117,IOMH Institute of Mental Health,"IOMH Institute of Mental Health
4.9(128)
Psychotherapist · Near Al-Badar Masjid Main Lehtrar Road, St 3
Open 24 hours · +92 313 4664786",Psychotherapist,Open 24 hours,33.635955,73.1421175,https://www.google.com/maps/place/IOMH+Institute+of+Mental+Health/data=!4m7!3m6!1s0x38dfc3412287e4c5:0x5f64400da2f06f29!8m2!3d33.635955!4d73.1421175!16s%2Fg%2F11rsbb_q4f!19sChIJxeSHIkHD3zgRKW_wog1AZF8?authuser=0&hl=en&rclk=1,"Psychologist, Islamabad"
79,neurosensebehaviourc_33.522889_73.092495,Neuro Sense Behaviour | Clinical & Child Psychologist In Islamabad and Rawalpindi | Speech Therapist,"Neuro Sense Behaviour | Clinical & Child Psychologist In Islamabad and Rawalpindi | Speech Therapist
3.8(63)
Psychoneurological specialized clinic · 7 Phase, Plaza 184, Road 16
Open ⋅ Closes 2:30 AM · +92 332 0406111",Psychoneurological specialized clinic,Open,33.5228889,73.0924948,https://www.google.com/maps/place/Neuro+Sense+Behaviour+%7C+Clinical+%26+Child+Psychologist+In+Islamabad+and+Rawalpindi+%7C+Speech+Therapist/data=!4m7!3m6!1s0x38dfed90fbccb72f:0xe1d10c1a836fbf5a!8m2!3d33.5228889!4d73.0924948!16s%2Fg%2F11lymxlx0g!19sChIJL7fM-5Dt3zgRWr9vgxoM0eE?authuser=0&hl=en&rclk=1,"Psychologist, Islamabad"
80,pehchaanclinic_33.710968_73.041057,Pehchaan Clinic,"Pehchaan Clinic
4.9(51)
Medical Center ·  · 2nd floor, Pakland Medical Centre
Open ⋅ Closes 9 PM · +92 315 2780873",Medical Center,Open,33.7109677,73.0410567,https://www.google.com/maps/place/Pehchaan+Clinic/data=!4m7!3m6!1s0x38dfbf58b14b0f51:0x388686e073bb9c6f!8m2!3d33.7109677!4d73.0410567!16s%2Fg%2F11vj42nwhh!19sChIJUQ9LsVi_3zgRb5y7c-CGhjg?authuser=0&hl=en&rclk=1,"Psychologist, Islamabad"
81,khadijatanveer_33.520738_73.108782,Khadija Tanveer,"Khadija Tanveer
4.9(99)
Medical clinic · Classic Homes Plot43, First Floor, Asif Arcade, Mini commercial
Open ⋅ Closes 9 PM · +92 336 1356555",Medical clinic,Open,33.5207382,73.1087819,https://www.google.com/maps/place/Khadija+Tanveer/data=!4m7!3m6!1s0x38dfed7db51739f9:0xd0bf64923ca5b77a!8m2!3d33.5207382!4d73.1087819!16s%2Fg%2F11rnchzj2g!19sChIJ-TkXtX3t3zgRerelPJJkv9A?authuser=0&hl=en&rclk=1,"Psychologist, Islamabad"
82,drrizwantajpsychiatr_33.696966_73.051200,Dr. Rizwan Taj Psychiatry Clinic,"Dr. Rizwan Taj Psychiatry Clinic
3.4(130)
Psychiatrist · Markaz Rd
Closed ⋅ Opens 5 PM · +92 331 5644446",Psychiatrist,Closed,33.6969661,73.0511997,https://www.google.com/maps/place/Dr.+Rizwan+Taj+Psychiatry+Clinic/data=!4m7!3m6!1s0x38dfbfc88d951d4b:0x7b20c8de0b2cca91!8m2!3d33.6969661!4d73.0511997!16s%2Fg%2F11c32p5g3g!19sChIJSx2Vjci_3zgRkcosC97IIHs?authuser=0&hl=en&rclk=1,"Psychologist, Islamabad"
83,psychlounge_33.675166_73.072112,Psych Lounge,"Psych Lounge
5.0(8)
Mental health service · House 20, Street 65
Open ⋅ Closes 8 PM · +92 333 8333397",Mental health service,Open,33.6751661,73.0721116,https://www.google.com/maps/place/Psych+Lounge/data=!4m7!3m6!1s0x38df952f6272b585:0xbe80cc7898658186!8m2!3d33.6751661!4d73.0721116!16s%2Fg%2F11wbxxb6j6!19sChIJhbVyYi-V3zgRhoFlmHjMgL4?authuser=0&hl=en&rclk=1,"Psychologist, Islamabad"
84,clinicalpsychologist_33.559524_73.107182,clinical psychologist Saima Batool,"clinical psychologist Saima Batool
5.0(5)
Mental health service
Open 24 hours",Mental health service,Open 24 hours,33.5595243,73.1071822,https://www.google.com/maps/place/clinical+psychologist+Saima+Batool/data=!4m7!3m6!1s0x38dfeb071586f785:0x5303cb106b409bd6!8m2!3d33.5595243!4d73.1071822!16s%2Fg%2F11v3x9w2nv!19sChIJhfeGFQfr3zgR1ptAaxDLA1M?authuser=0&hl=en&rclk=1,"Psychologist, Islamabad"
85,drmiqbalkhanpsychiat_33.708044_73.152912,Dr. M. Iqbal Khan Psychiatrist - HDRC,"Dr. M. Iqbal Khan Psychiatrist - HDRC
5.0(4)
Psychiatrist · Main Jinnah Rd, opposite to Shami Property Dealers, near Al-Farooq Masjid
Open ⋅ Closes 9 PM · +92 346 1947599",Psychiatrist,Open,33.7080444,73.1529122,https://www.google.com/maps/place/Dr.+M.+Iqbal+Khan+Psychiatrist+-+HDRC/data=!4m7!3m6!1s0x38dfc152dc5a6829:0x59ca00497116e480!8m2!3d33.7080444!4d73.1529122!16s%2Fg%2F11kr6_msqk!19sChIJKWha3FLB3zgRgOQWcUkAylk?authuser=0&hl=en&rclk=1,"Psychologist, Islamabad"
86,psychologistshubdrha_33.571036_73.176343,"Psychologists Hub - Dr. Halima S. Qureshi, Clinical Psychologist","Psychologists Hub - Dr. Halima S. Qureshi, Clinical Psychologist
5.0(6)
Psychologist · Psychologists Hub, Al-Murtaza Arcade Civic Center, Arif Medical Complex, Jinnah Avenue
Closed ⋅ Opens 6 PM · +92 331 5579476",Psychologist,Closed,33.5710365,73.1763428,"https://www.google.com/maps/place/Psychologists+Hub+-+Dr.+Halima+S.+Qureshi,+Clinical+Psychologist/data=!4m7!3m6!1s0x38dfed791023799b:0xc29c1f528e7fda4f!8m2!3d33.5710365!4d73.1763428!16s%2Fg%2F11j3v55zqj!19sChIJm3kjEHnt3zgRT9p_jlIfnMI?authuser=0&hl=en&rclk=1","Psychologist, Islamabad"
87,theafterhourstherapi_33.722582_73.178396,The After Hours Therapist (Psychologist),"The After Hours Therapist (Psychologist)
5.0(17)
Psychotherapist · House no, 10 Hill View Rd
Closed ⋅ Opens 8 PM · +92 312 2253056",Psychotherapist,Closed,33.7225819,73.1783961,https://www.google.com/maps/place/The+After+Hours+Therapist+%28Psychologist%29/data=!4m7!3m6!1s0x38dfbf8af418533b:0xf5a9c8d41d59ee4a!8m2!3d33.7225819!4d73.1783961!16s%2Fg%2F11fpg7srcv!19sChIJO1MY9Iq_3zgRSu5ZHdTIqfU?authuser=0&hl=en&rclk=1,"Psychologist, Islamabad"
88,mussaratshabbirphdsc_33.643448_73.162563,Mussarat Shabbir (PhD Scholar clinical psychologist)Islamabad,"Mussarat Shabbir (PhD Scholar clinical psychologist)Islamabad
4.8(22)
Hospital · J5V7+92P
Closed ⋅ Opens 5 PM · +92 333 9213674",Hospital,Closed,33.6434478,73.1625627,https://www.google.com/maps/place/Mussarat+Shabbir+%28PhD+Scholar+clinical+psychologist%29Islamabad/data=!4m7!3m6!1s0x38dfeb00447eaa5f:0xe6933ccb73bd4b0d!8m2!3d33.6434478!4d73.1625627!16s%2Fg%2F11vzqh34_6!19sChIJX6p-RADr3zgRDUu9c8s8k-Y?authuser=0&hl=en&rclk=1,"Psychologist, Islamabad"
89,cocomopsycologistini_33.698486_73.051957,Cocomo Psycologist in Islamabad,"Cocomo Psycologist in Islamabad
5.0(1)
Psychologist · 3
+92 320 4319913",Psychologist,,33.6984859,73.0519565,https://www.google.com/maps/place/Cocomo+Psycologist+in+Islamabad/data=!4m7!3m6!1s0x38dfbf8704d96213:0xaaa20cd4e5778627!8m2!3d33.6984859!4d73.0519565!16s%2Fg%2F11qqlzgxxv!19sChIJE2LZBIe_3zgRJ4Z35dQMoqo?authuser=0&hl=en&rclk=1,"Psychologist, Islamabad"
90,aceassessmentandcoun_33.717328_73.052969,ACE Assessment and Counselling for Education Clinic,"ACE Assessment and Counselling for Education Clinic
4.6(9)
Child psychologist · 23 Bhittai Rd
Closed ⋅ Opens 10:30 AM Fri · +92 335 5774995",Child psychologist,Closed,33.7173276,73.0529692,https://www.google.com/maps/place/ACE+Assessment+and+Counselling+for+Education+Clinic/data=!4m7!3m6!1s0x38dfedfe8a0087d1:0xbe0fa05ed8b988d7!8m2!3d33.7173276!4d73.0529692!16s%2Fg%2F11rhdvfr6n!19sChIJ0YcAiv7t3zgR14i52F6gD74?authuser=0&hl=en&rclk=1,"Psychologist, Islamabad"
91,nationalinstituteofp_33.745688_73.158062,National Institute of Psychology,"National Institute of Psychology
4.6(75)
Research institute ·  · P5W5+76F، National Institute of Psychology, Shahdra، Road
Open ⋅ Closes 4 PM · +92 51 2896013",Research institute,Open,33.7456875,73.1580625,https://www.google.com/maps/place/National+Institute+of+Psychology/data=!4m7!3m6!1s0x38dfc10d2f47814f:0x989de43901e38f10!8m2!3d33.7456875!4d73.1580625!16s%2Fg%2F1hc5qqs6b!19sChIJT4FHLw3B3zgREI_jATnknZg?authuser=0&hl=en&rclk=1,"Psychologist, Islamabad"
92,sanausmanpsycologist_33.522065_73.154848,Sana Usman Psycologist,"Sana Usman Psycologist
5.0(1)
Psychologist · 1st Floor, Plaza 40, Al Ghurair GIGA, Dr. Mahnoor Dental & Aesthetic Clinic, Westeria Rd
Open 24 hours · +92 319 5808396",Psychologist,Open 24 hours,33.5220655,73.1548476,https://www.google.com/maps/place/Sana+Usman+Psycologist/data=!4m7!3m6!1s0x38dfed004be302a3:0x8419cec38a6e1d18!8m2!3d33.5220655!4d73.1548476!16s%2Fg%2F11vxydfnh2!19sChIJowLjSwDt3zgRGB1uisPOGYQ?authuser=0&hl=en&rclk=1,"Psychologist, Islamabad"
93,prts_33.653056_73.225592,PRTS,"PRTS
5.0(1)
Psychologist · M63G+66G
+92 335 4170919",Psychologist,,33.6530562,73.225592,https://www.google.com/maps/place/PRTS/data=!4m7!3m6!1s0x38dfe972e668f9f7:0x9ac179c4bb3420a8!8m2!3d33.6530562!4d73.225592!16s%2Fg%2F11rv0yyjxk!19sChIJ9_lo5nLp3zgRqCA0u8R5wZo?authuser=0&hl=en&rclk=1,"Psychologist, Islamabad"
94,aamnahshah_33.645267_72.964111,Aamnah shah,"Aamnah shah
5.0(3)
Psychologist · 108
Open ⋅ Closes 6 PM · +92 333 2857154",Psychologist,Open,33.6452668,72.9641111,https://www.google.com/maps/place/Aamnah+shah/data=!4m7!3m6!1s0x38df97efc1f1fb15:0x5609f21da2bf4121!8m2!3d33.6452668!4d72.9641111!16s%2Fg%2F11v9ch6njq!19sChIJFfvxwe-X3zgRIUG_oh3yCVY?authuser=0&hl=en&rclk=1,"Psychologist, Islamabad"
95,childpsychologistmen_33.616116_73.086108,Child Psychologist - Mena Wahid,"Child Psychologist - Mena Wahid
4.9(18)
Child psychologist
Open ⋅ Closes 7 PM · +92 331 5096449",Child psychologist,Open,33.6161162,73.086108,https://www.google.com/maps/place/Child+Psychologist+-+Mena+Wahid/data=!4m7!3m6!1s0x9e4fbcf10695275:0x56e657861eb3d2dd!8m2!3d33.6161162!4d73.086108!16s%2Fg%2F11vpzd3m5m!19sChIJdVJpEM_75AkR3dKzHoZX5lY?authuser=0&hl=en&rclk=1,"Psychologist, Islamabad"
96,zobiamianbestclinica_33.568525_73.136535,"Zobia Mian - Best Clinical Psychologist (Gold Medalist), Psychotherapist, Drug Addiction Therapist and Special Educationist","Zobia Mian - Best Clinical Psychologist (Gold Medalist), Psychotherapist, Drug Addiction Therapist and Special Educationist
5.0(19)
Addiction treatment center · House#1896-A, St 7
Open ⋅ Closes 6 PM · +92 333 1585921",Addiction treatment center,Open,33.5685253,73.1365347,"https://www.google.com/maps/place/Zobia+Mian+-+Best+Clinical+Psychologist+%28Gold+Medalist%29,+Psychotherapist,+Drug+Addiction+Therapist+and+Special+Educationist/data=!4m7!3m6!1s0x38dfa3db54d22481:0x3e75267d1fddfc14!8m2!3d33.5685253!4d73.1365347!16s%2Fg%2F11tnfs16xf!19sChIJgSTSVNuj3zgRFPzdH30mdT4?authuser=0&hl=en&rclk=1","Psychologist, Islamabad"
97,homeoftherapybyhajir_33.707509_73.032434,Home of Therapy by Hajira,"Home of Therapy by Hajira
4.9(10)
Psychotherapist · House 6A Street 30
Open ⋅ Closes 5 PM · +92 300 5000780",Psychotherapist,Open,33.7075094,73.0324337,https://www.google.com/maps/place/Home+of+Therapy+by+Hajira/data=!4m7!3m6!1s0x866c8a773e78a27f:0xff3ae9ca8c9ea16d!8m2!3d33.7075094!4d73.0324337!16s%2Fg%2F11y4t19_jk!19sChIJf6J4PneKbIYRbaGejMrpOv8?authuser=0&hl=en&rclk=1,"Psychologist, Islamabad"
98,marriamhabibclinical_33.666721_73.076233,Marriam Habib Clinical Psychologist and Associates,"Marriam Habib Clinical Psychologist and Associates
5.0(1)
Mental health service · M38G+QFR
Open ⋅ Closes 6 PM · +92 348 3320225",Mental health service,Open,33.6667214,73.0762327,https://www.google.com/maps/place/Marriam+Habib+Clinical+Psychologist+and+Associates/data=!4m7!3m6!1s0x38df9500319332cf:0x605a1792e5817e05!8m2!3d33.6667214!4d73.0762327!16s%2Fg%2F11wqmq8nlr!19sChIJzzKTMQCV3zgRBX6B5ZIXWmA?authuser=0&hl=en&rclk=1,"Psychologist, Islamabad"
99,drmaryamhmubbasharps_33.641558_73.076250,Dr Maryam H Mubbashar Psychiatrist,"Dr Maryam H Mubbashar Psychiatrist
4.6(197)
Psychiatric hospital ·  · left turn, 103/105-D St 1, off 6th Road, behind Midway Centrum plaza
Open 24 hours · +92 51 4425533",Psychiatric hospital,Open 24 hours,33.6415579,73.0762501,https://www.google.com/maps/place/Dr+Maryam+H+Mubbashar+Psychiatrist/data=!4m7!3m6!1s0x38df95262d5e89dd:0x44d1a8fb9bb26370!8m2!3d33.6415579!4d73.0762501!16s%2Fg%2F12mkwhkk2!19sChIJ3YleLSaV3zgRcGOym_uo0UQ?authuser=0&hl=en&rclk=1,"Psychologist, Islamabad"
100,smartwellnesscircle_33.713078_73.037165,Smart Wellness Circle,"Smart Wellness Circle
5.0(16)
Psychologist · Babar Plaza, Johar Rd
Open ⋅ Closes 5 PM · +92 311 6962308",Psychologist,Open,33.7130779,73.0371649,https://www.google.com/maps/place/Smart+Wellness+Circle/data=!4m7!3m6!1s0x38dfed614714392f:0x161198da3da0b68b!8m2!3d33.7130779!4d73.0371649!16s%2Fg%2F11fht_7chr!19sChIJLzkUR2Ht3zgRi7agPdqYERY?authuser=0&hl=en&rclk=1,"Psychologist, Islamabad"
101,ambreeninsights_33.651090_73.202994,Ambreen Insights,"Ambreen Insights
5.0(1)
Psychologist · House no 833 street no 13 phase 1 Frash
Open 24 hours · +92 314 1968506",Psychologist,Open 24 hours,33.6510897,73.2029935,https://www.google.com/maps/place/Ambreen+Insights/data=!4m7!3m6!1s0x38dfe955baa8ff31:0xf38d4a5199dc4e2c!8m2!3d33.6510897!4d73.2029935!16s%2Fg%2F11vdqmd_pr!19sChIJMf-oulXp3zgRLE7cmVFKjfM?authuser=0&hl=en&rclk=1,"Psychologist, Islamabad"
102,mashalwellnessclinic_33.519210_73.092167,Mashal Wellness Clinic,"Mashal Wellness Clinic
5.0(11)
Mental health clinic · Building no C-09, Business Bay
Open ⋅ Closes 4 PM",Mental health clinic,Open,33.5192099,73.092167,https://www.google.com/maps/place/Mashal+Wellness+Clinic/data=!4m7!3m6!1s0x38dfeda523045557:0x146dbfd8d11e25da!8m2!3d33.5192099!4d73.092167!16s%2Fg%2F11krfj8k80!19sChIJV1UEI6Xt3zgR2iUe0di_bRQ?authuser=0&hl=en&rclk=1,"Psychologist, Islamabad"
103,islamabadmindtherapy_33.564690_73.140304,Islamabad Mind Therapy | Best Mental Health Rehab Center Islamabad,"Islamabad Mind Therapy | Best Mental Health Rehab Center Islamabad
5.0(6)
Psychologist · House# 115, St#19 Pakistan Town Phase 2 Rd, Block C Phase 2 PWD, Islamabad, Punjab, near SSL School
Open 24 hours · +92 331 7443330",Psychologist,Open 24 hours,33.5646902,73.1403041,https://www.google.com/maps/place/Islamabad+Mind+Therapy+%7C+Best+Mental+Health+Rehab+Center+Islamabad/data=!4m7!3m6!1s0x38dfed1da1f70f4b:0x115089003208ea43!8m2!3d33.5646902!4d73.1403041!16s%2Fg%2F11lcfsrv53!19sChIJSw_3oR3t3zgRQ-oIMgCJUBE?authuser=0&hl=en&rclk=1,"Psychologist, Islamabad"
104,pakyoungpsychologist_33.643392_73.073485,PAK YOUNG PSYCHOLOGISTS ACADEMY [PYPA] Psychotherapy| Speech therapy| ABA Therapy | Autism | ADHD,"PAK YOUNG PSYCHOLOGISTS ACADEMY [PYPA] Psychotherapy| Speech therapy| ABA Therapy | Autism | ADHD
4.8(133)
Child psychologist · Back side of Noor Mobile Mall 7th road Settelite
Open ⋅ Closes 5 PM · +92 341 0211366",Child psychologist,Open,33.643392,73.0734854,https://www.google.com/maps/place/PAK+YOUNG+PSYCHOLOGISTS+ACADEMY+%5BPYPA%5D+Psychotherapy%7C+Speech+therapy%7C+ABA+Therapy+%7C+Autism+%7C+ADHD/data=!4m7!3m6!1s0x38df95f29ed30f3d:0x803009e52e7c76e8!8m2!3d33.643392!4d73.0734854!16s%2Fg%2F11mp3j9b0s!19sChIJPQ_TnvKV3zgR6HZ8LuUJMIA?authuser=0&hl=en&rclk=1,"Psychologist, Islamabad"
105,healingheartstherape_33.532013_73.126160,Healing Hearts Therapeutics - Clinical Psychologist Syed Muhammad Amin Shah,"Healing Hearts Therapeutics - Clinical Psychologist Syed Muhammad Amin Shah
4.8(69)
Psychologist · Intellectual Village, Sama Arcade
+92 321 9840756",Psychologist,,33.532013,73.12616,https://www.google.com/maps/place/Healing+Hearts+Therapeutics+-+Clinical+Psychologist+Syed+Muhammad+Amin+Shah/data=!4m7!3m6!1s0x38df95d7bd062749:0x7cb9f77f2102f40a!8m2!3d33.532013!4d73.12616!16s%2Fg%2F11q7fxpbpd!19sChIJSScGvdeV3zgRCvQCIX_3uXw?authuser=0&hl=en&rclk=1,"Psychologist, Islamabad"
106,drammadhassanconsult_33.598162_73.045467,Dr Ammad Hassan Consultant Psychiatrist,"Dr Ammad Hassan Consultant Psychiatrist
5.0(32)
Mental health clinic ·  · Mehfooz, Medics, Road
Closed ⋅ Opens 5:30 PM · +92 334 2958727",Mental health clinic,Closed,33.5981618,73.0454672,https://www.google.com/maps/place/Dr+Ammad+Hassan+Consultant+Psychiatrist/data=!4m7!3m6!1s0x38dfbfbfcbe8f0d9:0x826f03b5c3e54cfe!8m2!3d33.5981618!4d73.0454672!16s%2Fg%2F11pvgxmr21!19sChIJ2fDoy7-_3zgR_kzlw7UDb4I?authuser=0&hl=en&rclk=1,"Psychologist, Islamabad"
107,psychologicalcounsel_33.641518_73.061425,Psychological counseling center,"Psychological counseling center
5.0(481)
Psychologist ·  · 817, F block, main Holy Family Hospital Road, opposite Punjab College for Women
Closed ⋅ Opens 6 PM · +92 301 5385510",Psychologist,Closed,33.6415177,73.0614246,https://www.google.com/maps/place/Psychological+counseling+center/data=!4m7!3m6!1s0x38df95b5f6fe8d0d:0x11c0fe0ed39e6f22!8m2!3d33.6415177!4d73.0614246!16s%2Fg%2F11fktgkkm7!19sChIJDY3-9rWV3zgRIm-e0w7-wBE?authuser=0&hl=en&rclk=1,"Psychologist, Islamabad"
108,mhsspeechtherapyphys_33.567130_73.147563,MHS Speech Therapy & Physiotherapy Behavior Therapy OT Center & Home Services,"MHS Speech Therapy & Physiotherapy Behavior Therapy OT Center & Home Services
4.9(15)
Psychologist ·  · Muzaffar Plaza,Mehran Market
Open ⋅ Closes 9 PM · +92 311 0979070",Psychologist,Open,33.5671296,73.1475631,https://www.google.com/maps/place/MHS+Speech+Therapy+%26+Physiotherapy+Behavior+Therapy+OT+Center+%26+Home+Services/data=!4m7!3m6!1s0x38dfedafc8720b95:0x7489425c73079b29!8m2!3d33.5671296!4d73.1475631!16s%2Fg%2F11sffnj10_!19sChIJlQtyyK_t3zgRKZsHc1xCiXQ?authuser=0&hl=en&rclk=1,"Psychologist, Islamabad"
109,betteryouclinic_33.682866_73.243268,Better You Clinic,"Better You Clinic
5.0(20)
Mental health service · Lower ground floor Sultan plaza
Open ⋅ Closes 5:30 PM · +92 51 6122170",Mental health service,Open,33.6828658,73.2432676,https://www.google.com/maps/place/Better+You+Clinic/data=!4m7!3m6!1s0x38dfe9544c4bf5d5:0xe73b84cd953bd7c9!8m2!3d33.6828658!4d73.2432676!16s%2Fg%2F11s8c1qrbn!19sChIJ1fVLTFTp3zgRydc7lc2EO-c?authuser=0&hl=en&rclk=1,"Psychologist, Islamabad"
110,headofficewellbeingc_33.617679_73.121360,"Head Office Well Being Center by Naila Rizwan ( Speech therapist, Speech therapy & behavior therapist in Rawalpindi )","Head Office Well Being Center by Naila Rizwan ( Speech therapist, Speech therapy & behavior therapist in Rawalpindi )
4.1(35)
Wellness center ·  · Mid City Apartments، Khokhar Road, near Quaid E Azam Monument
Open ⋅ Closes 6 PM · +92 321 9545195",Wellness center,Open,33.6176788,73.1213605,"https://www.google.com/maps/place/Head+Office+Well+Being+Center+by+Naila+Rizwan+%28+Speech+therapist,+Speech+therapy+%26+behavior+therapist+in+Rawalpindi+%29/data=!4m7!3m6!1s0x38dfebe7e2b05421:0xe0dec5f5cfe67720!8m2!3d33.6176788!4d73.1213605!16s%2Fg%2F11fk8f2mgr!19sChIJIVSw4ufr3zgRIHfmz_XF3uA?authuser=0&hl=en&rclk=1","Psychologist, Islamabad"
111,newsochrehabpsychiat_33.571474_73.142974,New Soch Rehab & Psychiatric Centre Islamabad,"New Soch Rehab & Psychiatric Centre Islamabad
5.0(45)
Psychologist · House # 66 Street Number 1
Open 24 hours · +92 315 0005613",Psychologist,Open 24 hours,33.571474,73.1429736,https://www.google.com/maps/place/New+Soch+Rehab+%26+Psychiatric+Centre+Islamabad/data=!4m7!3m6!1s0x38dfefe26738cbe7:0x16c2d8c7fd71a032!8m2!3d33.571474!4d73.1429736!16s%2Fg%2F11txfqk_hr!19sChIJ58s4Z-Lv3zgRMqBx_cfYwhY?authuser=0&hl=en&rclk=1,"Psychologist, Islamabad"
112,drasadhussainconsult_33.624650_72.973066,"Dr Asad Hussain Consultant Psychiatrist, Head of Department and Director of Clinical Informatics","Dr Asad Hussain Consultant Psychiatrist, Head of Department and Director of Clinical Informatics
5.0(1)
Mental health service · Quaid-e-Azam International Hospital
Open ⋅ Closes 6 PM · +92 334 5563766",Mental health service,Open,33.6246497,72.9730664,"https://www.google.com/maps/place/Dr+Asad+Hussain+Consultant+Psychiatrist,+Head+of+Department+and+Director+of+Clinical+Informatics/data=!4m7!3m6!1s0x38df97d8658c0edd:0x605f544140dffdbd!8m2!3d33.6246497!4d72.9730664!16s%2Fg%2F11w3xt2nj5!19sChIJ3Q6MZdiX3zgRvf3fQEFUX2A?authuser=0&hl=en&rclk=1","Psychologist, Islamabad"
113,psysobiakhateebfamil_30.362957_68.996698,Psy Sobia Khateeb Family Clinic,"Psy Sobia Khateeb Family Clinic
4.9(19)
Psychologist
Open 24 hours · +92 336 1057339",Psychologist,Open 24 hours,30.3629572,68.9966984,https://www.google.com/maps/place/Psy+Sobia+Khateeb+Family+Clinic/data=!4m7!3m6!1s0x38dff3c1f2229831:0x69bc3a48fd124f47!8m2!3d30.3629572!4d68.9966984!16s%2Fg%2F11rx33by4y!19sChIJMZgi8sHz3zgRR08S_Ug6vGk?authuser=0&hl=en&rclk=1,"Psychologist, Islamabad"
114,naziamehakclinicalps_33.667956_73.153701,Nazia Mehak Clinical Psychologist,"Nazia Mehak Clinical Psychologist
5.0(3)
Child psychologist
Open ⋅ Closes 7 PM · +92 319 5227415",Child psychologist,Open,33.6679563,73.153701,https://www.google.com/maps/place/Nazia+Mehak+Clinical+Psychologist/data=!4m7!3m6!1s0x84b1bf9e29e33ea5:0x673b72b8cf2c6f69!8m2!3d33.6679563!4d73.153701!16s%2Fg%2F11wqjhx9kr!19sChIJpT7jKZ6_sYQRaW8sz7hyO2c?authuser=0&hl=en&rclk=1,"Psychologist, Islamabad"
115,logicspsychologicals_33.698467_73.048749,Logics Psychological Services,"Logics Psychological Services
5.0(3)
Mental health service · Main Markaz Rd, near to Habib metro bank
Open ⋅ Closes 9 PM",Mental health service,Open,33.6984672,73.0487488,https://www.google.com/maps/place/Logics+Psychological+Services/data=!4m7!3m6!1s0x38dfbf9cee7b319b:0x8369ae61a16577d1!8m2!3d33.6984672!4d73.0487488!16s%2Fg%2F11lnpylbh7!19sChIJmzF77py_3zgR0XdloWGuaYM?authuser=0&hl=en&rclk=1,"Psychologist, Islamabad"
116,psychaffinityrehabil_33.699940_73.146192,Psychaffinity | Rehabilitation Center | Top Rehab center in Islamabad - Pakistan,"Psychaffinity | Rehabilitation Center | Top Rehab center in Islamabad - Pakistan
4.9(41)
Rehabilitation center ·  · House No. 1, Kiyani Street Lakhwal
Open 24 hours · +92 302 5437982",Rehabilitation center,Open 24 hours,33.6999398,73.1461915,https://www.google.com/maps/place/Psychaffinity+%7C+Rehabilitation+Center+%7C+Top+Rehab+center+in+Islamabad+-+Pakistan/data=!4m7!3m6!1s0x38df952f292bb429:0x7af919b839c03a6f!8m2!3d33.6999398!4d73.1461915!16s%2Fg%2F11h4tq01hz!19sChIJKbQrKS-V3zgRbzrAObgZ-Xo?authuser=0&hl=en&rclk=1,"Psychologist, Islamabad"
117,physiopsychrehabcent_33.669398_72.999912,Physio & Psych Rehab Center,"Physio & Psych Rehab Center
5.0(20)
Physical therapy clinic ·  · Office 28,3rd Floor, Al Rehmat Mall, Markaz, near Tehzeeb Bakers
Open ⋅ Closes 9 PM · +92 333 5960075",Physical therapy clinic,Open,33.6693979,72.9999122,https://www.google.com/maps/place/Physio+%26+Psych+Rehab+Center/data=!4m7!3m6!1s0x38df9539e7876793:0x4487fa2aae409c1b!8m2!3d33.6693979!4d72.9999122!16s%2Fg%2F11wjqt2vk7!19sChIJk2eH5zmV3zgRG5xArir6h0Q?authuser=0&hl=en&rclk=1,"Psychologist, Islamabad"
118,islamabadmentalwelln_33.566372_73.126688,Islamabad Mental & Wellness Center - Rehab & Drug Addiction Treatment Center in Islamabad,"Islamabad Mental & Wellness Center - Rehab & Drug Addiction Treatment Center in Islamabad
4.7(37)
Psychologist ·  · Plot No, House # 228, Street 1, 145 Gate 2, near Bahria Town
Open 24 hours · +92 335 0509344",Psychologist,Open 24 hours,33.5663725,73.1266875,https://www.google.com/maps/place/Islamabad+Mental+%26+Wellness+Center+-+Rehab+%26+Drug+Addiction+Treatment+Center+in+Islamabad/data=!4m7!3m6!1s0x38dfed247dec6007:0x119a0db1742eaf5!8m2!3d33.5663725!4d73.1266875!16s%2Fg%2F11s538pj89!19sChIJB2DsfSTt3zgR9epCF9ugGQE?authuser=0&hl=en&rclk=1,"Psychologist, Islamabad"
119,rawalrehabilitationc_33.631837_73.136245,"Rawal Rehabilitation Center & Carring House Islamabad, Pakistan","Rawal Rehabilitation Center & Carring House Islamabad, Pakistan
5.0(19)
Psychologist · 56 B, Street 05 Ghouri Garden Main Rd
Open 24 hours · +92 333 1179900",Psychologist,Open 24 hours,33.6318372,73.1362453,"https://www.google.com/maps/place/Rawal+Rehabilitation+Center+%26+Carring+House+Islamabad,+Pakistan/data=!4m7!3m6!1s0x38dfeb0056759b7f:0x912a9080ce1eff8d!8m2!3d33.6318372!4d73.1362453!16s%2Fg%2F11y3bts1jx!19sChIJf5t1VgDr3zgRjf8ezoCQKpE?authuser=0&hl=en&rclk=1","Psychologist, Islamabad"
120,drfazalurrehmanneuro_33.722313_73.059901,Dr Fazal ur Rehman Neuro Psychiatrist,"Dr Fazal ur Rehman Neuro Psychiatrist
5.0(18)
Psychiatrist · ChenOne Store
Closed ⋅ Opens 4 PM · +92 333 7855606",Psychiatrist,Closed,33.7223129,73.0599011,https://www.google.com/maps/place/Dr+Fazal+ur+Rehman+Neuro+Psychiatrist/data=!4m7!3m6!1s0x38dfbfcb409c7fb1:0x463831c3381cf83d!8m2!3d33.7223129!4d73.0599011!16s%2Fg%2F11sfb1jll5!19sChIJsX-cQMu_3zgRPfgcOMMxOEY?authuser=0&hl=en&rclk=1,"Psychologist, Islamabad"
121,shafiphysiotherapyan_33.616116_73.086108,Shafi Physiotherapy and Speech Therapy Home Services,"Shafi Physiotherapy and Speech Therapy Home Services
5.0(197)
Psychologist
+92 333 0303457",Psychologist,,33.6161162,73.086108,https://www.google.com/maps/place/Shafi+Physiotherapy+and+Speech+Therapy+Home+Services/data=!4m7!3m6!1s0x38dfbf71f34c1fd9:0x5d8b5cd35800eaea!8m2!3d33.6161162!4d73.086108!16s%2Fg%2F11p4q8dy6w!19sChIJ2R9M83G_3zgR6uoAWNNci10?authuser=0&hl=en&rclk=1,"Psychologist, Islamabad"
122,shafaqiqbalpsycholog_33.597361_73.047076,Shafaq Iqbal Psychologist,"Shafaq Iqbal Psychologist
4.8(70)
Psychologist · Shaheen Health Plus Mega Medical Complex Basement, Police Station Rd, opposite to AFIC
Open ⋅ Closes 8 PM · +92 333 6120008",Psychologist,Open,33.5973613,73.0470759,https://www.google.com/maps/place/Shafaq+Iqbal+Psychologist/data=!4m7!3m6!1s0x38df9543c47ee8b1:0xb43f23bea693b7b4!8m2!3d33.5973613!4d73.0470759!16s%2Fg%2F11kjgtg4xb!19sChIJseh-xEOV3zgRtLeTpr4jP7Q?authuser=0&hl=en&rclk=1,"Psychologist, Islamabad"
123,drziaautismcenterspe_33.564665_73.126415,"Dr. Zia Autism Center , Speech , ABA Behavior Occupational .Physio Therapies","Dr. Zia Autism Center , Speech , ABA Behavior Occupational .Physio Therapies
4.9(21)
Psychologist ·  · Spire Medical & Rehabilitation center
Open ⋅ Closes 9 PM · +92 330 4343123",Psychologist,Open,33.5646647,73.1264148,"https://www.google.com/maps/place/Dr.+Zia+Autism+Center+,+Speech+,+ABA+Behavior+Occupational+.Physio+Therapies/data=!4m7!3m6!1s0x38dfedd0afb05e13:0xc903838ca3d7cb2c!8m2!3d33.5646647!4d73.1264148!16s%2Fg%2F11h3g3qxfs!19sChIJE16wr9Dt3zgRLMvXo4yDA8k?authuser=0&hl=en&rclk=1","Psychologist, Islamabad"
124,msbhealingclinic_33.529488_73.163284,MSB Healing clinic,"MSB Healing clinic
5.0(1)
Psychologist · G5H7+Q8V",Psychologist,,33.529488,73.1632837,https://www.google.com/maps/place/MSB+Healing+clinic/data=!4m7!3m6!1s0x38dfede1985918bd:0x97945660525a4d27!8m2!3d33.529488!4d73.1632837!16s%2Fg%2F11r9mdvlmp!19sChIJvRhZmOHt3zgRJ01aUmBWlJc?authuser=0&hl=en&rclk=1,"Psychologist, Islamabad"
125,bestrehabcenterinisl_33.693005_73.037870,Best Rehab Center in islamabad Healing Hub Rehab Pakistan,"Best Rehab Center in islamabad Healing Hub Rehab Pakistan
5.0(33)
Psychologist ·  · House 193 Street 74
Open 24 hours · +92 340 4638238",Psychologist,Open 24 hours,33.6930047,73.0378704,https://www.google.com/maps/place/Best+Rehab+Center+in+islamabad+Healing+Hub+Rehab+Pakistan/data=!4m7!3m6!1s0x38dfeb2d72cc2603:0xbbd87223bcf91739!8m2!3d33.6930047!4d73.0378704!16s%2Fg%2F11sdq3zt9c!19sChIJAybMci3r3zgRORf5vCNy2Ls?authuser=0&hl=en&rclk=1,"Psychologist, Islamabad"
126,dranwarulhaqpsychiat_33.722158_73.081802,Dr. Anwar ul Haq Psychiatrist Clinic,"Dr. Anwar ul Haq Psychiatrist Clinic
4.2(5)
Mental health service · Basement East, Plot No 19-A, Pak Plaza Islamabad
Closed ⋅ Opens 10 AM Tue · +92 306 1234578",Mental health service,Closed,33.7221576,73.0818024,https://www.google.com/maps/place/Dr.+Anwar+ul+Haq+Psychiatrist+Clinic/data=!4m7!3m6!1s0x38dfbf33d7b34c2f:0xe49babf1021778e0!8m2!3d33.7221576!4d73.0818024!16s%2Fg%2F11t5dbcw89!19sChIJL0yz1zO_3zgR4HgXAvGrm-Q?authuser=0&hl=en&rclk=1,"Psychologist, Islamabad"
127,drzulfiqargilanispsy_33.707678_73.142035,Dr. Zulfiqar Gilani's Psychology Clinic,"Dr. Zulfiqar Gilani's Psychology Clinic
5.0(1)
Psychologist ·  · Gilani House Shan-e-Pakistan Terrace, Off, A Q Khan Rd
Open ⋅ Closes 6 PM · +92 304 5152707",Psychologist,Open,33.7076777,73.1420353,https://www.google.com/maps/place/Dr.+Zulfiqar+Gilani%27s+Psychology+Clinic/data=!4m7!3m6!1s0x38dfc1c94b46b15d:0x9386fa29a6bc37ad!8m2!3d33.7076777!4d73.1420353!16s%2Fg%2F11hcjy_q7k!19sChIJXbFGS8nB3zgRrTe8pin6hpM?authuser=0&hl=en&rclk=1,"Psychologist, Islamabad"
128,newliferehabcentervi_33.570148_73.193611,New Life Rehab Center VIP Branch 2 at Naval Anchorage Islamabad,"New Life Rehab Center VIP Branch 2 at Naval Anchorage Islamabad
4.8(27)
Psychologist ·  · House number, 6 Road E
Open ⋅ Closes 10 PM · +92 321 4528124",Psychologist,Open,33.5701483,73.1936106,https://www.google.com/maps/place/New+Life+Rehab+Center+VIP+Branch+2+at+Naval+Anchorage+Islamabad/data=!4m7!3m6!1s0x38dfedd5903016a3:0x9a0cc7dd11534e5!8m2!3d33.5701483!4d73.1936106!16s%2Fg%2F11p5x5m_rh!19sChIJoxYwkNXt3zgR5TQV0X3MoAk?authuser=0&hl=en&rclk=1,"Psychologist, Islamabad"
129,meetingmatterscentre_33.722054_73.050341,MEETING MATTERS - Centre of Counseling,"MEETING MATTERS - Centre of Counseling
3.7(3)
Counselor · 31 - B Potohar Rd
Open ⋅ Closes 5 PM · +92 321 5040001",Counselor,Open,33.7220545,73.0503406,https://www.google.com/maps/place/MEETING+MATTERS+-+Centre+of+Counseling/data=!4m7!3m6!1s0x38dfbf0798f72a25:0x1443d889a305405a!8m2!3d33.7220545!4d73.0503406!16s%2Fg%2F11ggzlxztx!19sChIJJSr3mAe_3zgRWkAFo4nYQxQ?authuser=0&hl=en&rclk=1,"Psychologist, Islamabad"
130,mentalhealthislamaba_33.648415_73.040688,Mental Health Islamabad,"Mental Health Islamabad
No reviews
Psychologist · Basement # 10, Makkah Plaza
Closed ⋅ Opens 3 PM Fri · +92 301 9554158",Psychologist,Closed,33.6484153,73.0406876,https://www.google.com/maps/place/Mental+Health+Islamabad/data=!4m7!3m6!1s0x38df95ffbd71f8af:0x345282b4c7c5b3b7!8m2!3d33.6484153!4d73.0406876!16s%2Fg%2F11rs9pft5s!19sChIJr_hxvf-V3zgRt7PFx7SCUjQ?authuser=0&hl=en&rclk=1,"Psychologist, Islamabad"
131,psycareclinic_33.537567_73.156675,PsyCare Clinic,"PsyCare Clinic
5.0(3)
Mental health clinic · 3rd Floor, Plaza no. 77, Commercial Area
Open ⋅ Closes 6 PM · +92 300 0349929",Mental health clinic,Open,33.5375667,73.156675,https://www.google.com/maps/place/PsyCare+Clinic/data=!4m7!3m6!1s0x38dfedd2ede41883:0x42409a7b143ad4f6!8m2!3d33.5375667!4d73.156675!16s%2Fg%2F11sfrxs14_!19sChIJgxjk7dLt3zgR9tQ6FHuaQEI?authuser=0&hl=en&rclk=1,"Psychologist, Islamabad"
132,faizaaslamconsultanc_33.719189_73.054409,Faiza Aslam Consultancy,"Faiza Aslam Consultancy
5.0(8)
Psychotherapist · 2nd Floor, Emirates Tower, near Islamabad
+92 321 2606260",Psychotherapist,,33.7191888,73.0544092,https://www.google.com/maps/place/Faiza+Aslam+Consultancy/data=!4m7!3m6!1s0x38dfbf453b1bb069:0xb37a472055801724!8m2!3d33.7191888!4d73.0544092!16s%2Fg%2F11nwbsd729!19sChIJabAbO0W_3zgRJBeAVSBHerM?authuser=0&hl=en&rclk=1,"Psychologist, Islamabad"
133,impactpsychology_33.645671_72.955567,Impact Psychology,"Impact Psychology
No reviews
Psychologist · House 39, Street 486
Open ⋅ Closes 4 PM · +92 348 5967424",Psychologist,Open,33.6456708,72.9555674,https://www.google.com/maps/place/Impact+Psychology/data=!4m7!3m6!1s0x38df97c819909899:0x1ad791cd94e818ac!8m2!3d33.6456708!4d72.9555674!16s%2Fg%2F11sd8s28zp!19sChIJmZiQGciX3zgRrBjolM2R1xo?authuser=0&hl=en&rclk=1,"Psychologist, Islamabad"
134,farwaabdullahclinic_33.555415_73.116790,Farwa Abdullah Clinic,"Farwa Abdullah Clinic
5.0(7)
Psychologist · 101-B, 3 Street 12
Closed ⋅ Opens 8 PM · +92 333 1119646",Psychologist,Closed,33.5554146,73.1167901,https://www.google.com/maps/place/Farwa+Abdullah+Clinic/data=!4m7!3m6!1s0x38dfed53ec51f62b:0x4a4ae3a7b0c24169!8m2!3d33.5554146!4d73.1167901!16s%2Fg%2F11kj0gnpw2!19sChIJK_ZR7FPt3zgRaUHCsKfjSko?authuser=0&hl=en&rclk=1,"Psychologist, Islamabad"
135,onlinepsychologistep_33.659028_73.064998,Online Psychologist | E-Psychotherapist | Mental Health Counselor,"Online Psychologist | E-Psychotherapist | Mental Health Counselor
No reviews
Psychologist
Open 24 hours · +92 321 9840756",Psychologist,Open 24 hours,33.6590285,73.0649976,https://www.google.com/maps/place/Online+Psychologist+%7C+E-Psychotherapist+%7C+Mental+Health+Counselor/data=!4m7!3m6!1s0x38dfe9a4edb75883:0xa4d68cc78e1e133f!8m2!3d33.6590285!4d73.0649976!16s%2Fg%2F11sqhss8gd!19sChIJg1i37aTp3zgRPxMejseM1qQ?authuser=0&hl=en&rclk=1,"Psychologist, Islamabad"
136,onlineonlyborntobeha_33.517065_73.107080,Online Only | Born To Be Happy- Psychotherapy Clinic | Sadia Shakil,"Online Only | Born To Be Happy- Psychotherapy Clinic | Sadia Shakil
4.8(64)
Psychologist ·  · Square Commercial
+92 333 5281382",Psychologist,,33.5170653,73.1070797,https://www.google.com/maps/place/Online+Only+%7C+Born+To+Be+Happy-+Psychotherapy+Clinic+%7C+Sadia+Shakil/data=!4m7!3m6!1s0x38dfed5c090638ed:0x4246642db5dff4ee!8m2!3d33.5170653!4d73.1070797!16s%2Fg%2F11gglq9fdy!19sChIJ7TgGCVzt3zgR7vTftS1kRkI?authuser=0&hl=en&rclk=1,"Psychologist, Islamabad"
137,fatimatahirapsychoth_33.689138_73.006369,Fatima Tahira Psychotherapist,"Fatima Tahira Psychotherapist
4.7(3)
Mental health service ·  · Street 36
Open ⋅ Closes 8 PM · +44 7575 811802",Mental health service,Open,33.6891376,73.0063689,https://www.google.com/maps/place/Fatima+Tahira+Psychotherapist/data=!4m7!3m6!1s0x38dfbfaed5dca545:0x582ec80b9bb22f9b!8m2!3d33.6891376!4d73.0063689!16s%2Fg%2F11s227vnp6!19sChIJRaXc1a6_3zgRmy-ymwvILlg?authuser=0&hl=en&rclk=1,"Psychologist, Islamabad"
138,muhammadusmanclinica_33.735427_73.071066,Muhammad Usman - Clinical Psychologist,"Muhammad Usman - Clinical Psychologist
5.0(4)
Mental health service · House # 11, Hill Rd
Closed ⋅ Opens 4 PM · +92 343 1530366",Mental health service,Closed,33.735427,73.0710661,https://www.google.com/maps/place/Muhammad+Usman+-+Clinical+Psychologist/data=!4m7!3m6!1s0x38dfbf34a29e3403:0xbcc491f9124e337e!8m2!3d33.735427!4d73.0710661!16s%2Fg%2F11sqk7rs4m!19sChIJAzSeojS_3zgRfjNOEvmRxLw?authuser=0&hl=en&rclk=1,"Psychologist, Islamabad"
139,psychologicaldepartm_33.666576_73.076045,Psychological Department of Central High Education System Islamabad,"Psychological Department of Central High Education System Islamabad
No reviews
Psychologist · Naqaisah Medicare Pakland Business Center, Markaz
Open ⋅ Closes 6 PM · +92 333 5000123",Psychologist,Open,33.6665755,73.0760447,https://www.google.com/maps/place/Psychological+Department+of+Central+High+Education+System+Islamabad/data=!4m7!3m6!1s0x38df95b4474394cd:0x3481a4aa5b66d95a!8m2!3d33.6665755!4d73.0760447!16s%2Fg%2F11lv4vl8vh!19sChIJzZRDR7SV3zgRWtlmW6qkgTQ?authuser=0&hl=en&rclk=1,"Psychologist, Islamabad"
140,rehabcenterinislamab_33.660273_72.989600,Rehab center in Islamabad Kiran Rehab Center,"Rehab center in Islamabad Kiran Rehab Center
5.0(29)
Psychologist
Open 24 hours · +92 314 1570722",Psychologist,Open 24 hours,33.6602732,72.9895999,https://www.google.com/maps/place/Rehab+center+in+Islamabad+Kiran+Rehab+Center/data=!4m7!3m6!1s0x38df977d0b0da46d:0x92b067b1a398a00!8m2!3d33.6602732!4d72.9895999!16s%2Fg%2F11h1hw3128!19sChIJbaQNC32X3zgRAIo5GnsGKwk?authuser=0&hl=en&rclk=1,"Psychologist, Islamabad"
141,onlinepsychologist_33.699839_72.967321,Online Psychologist,"Online Psychologist
5.0(1)
Health consultant · MXX8+WWP International Hospital",Health consultant,,33.699839,72.9673215,https://www.google.com/maps/place/Online+Psychologist/data=!4m7!3m6!1s0x38dfbda43a6bbc3d:0x8ccb9569fc189111!8m2!3d33.699839!4d72.9673215!16s%2Fg%2F11j6rmcd1x!19sChIJPbxrOqS93zgREZEY_GmVy4w?authuser=0&hl=en&rclk=1,"Psychologist, Islamabad"
142,hinashealthymindclin_33.550872_73.122845,Hina's HealthyMind Clinic,"Hina's HealthyMind Clinic
5.0(1)
Mental health clinic · 29-D, inside Dr Feroze Clear Skin, Mind & Body Laser Clinic
Open ⋅ Closes 7 PM · +92 323 5262262",Mental health clinic,Open,33.5508722,73.1228446,https://www.google.com/maps/place/Hina%27s+HealthyMind+Clinic/data=!4m7!3m6!1s0x38dfbf55035d2011:0xeb20e9f2ca261d36!8m2!3d33.5508722!4d73.1228446!16s%2Fg%2F11hdfq3ww6!19sChIJESBdA1W_3zgRNh0myvLpIOs?authuser=0&hl=en&rclk=1,"Psychologist, Islamabad"
143,drziapainbrainphysio_33.564566_73.126466,Dr.Zia Pain & Brain Physiotherapy Center,"Dr.Zia Pain & Brain Physiotherapy Center
4.5(8)
Psychologist ·  · Dr Z Pain & Brain Physiotherapy, Main PWD Rd, near Media town
Open ⋅ Closes 10 PM · +92 330 4343123",Psychologist,Open,33.5645657,73.1264659,https://www.google.com/maps/place/Dr.Zia+Pain+%26+Brain+Physiotherapy+Center/data=!4m7!3m6!1s0x38dfed80229cee45:0xd0b42f07940b5756!8m2!3d33.5645657!4d73.1264659!16s%2Fg%2F11rrqg4wvb!19sChIJRe6cIoDt3zgRVlcLlAcvtNA?authuser=0&hl=en&rclk=1,"Psychologist, Islamabad"
144,thenewliferehabpsych_33.565061_73.140612,The New Life Rehab & Psychiatric Center Islamabad,"The New Life Rehab & Psychiatric Center Islamabad
4.7(166)
Psychologist · House 107, Street 22, Main PWD Rd, near SSL School
Open 24 hours · +92 333 7749772",Psychologist,Open 24 hours,33.5650613,73.1406119,https://www.google.com/maps/place/The+New+Life+Rehab+%26+Psychiatric+Center+Islamabad/data=!4m7!3m6!1s0x38dfed89a42aaaf9:0x2290f122e5d762da!8m2!3d33.5650613!4d73.1406119!16s%2Fg%2F11t57gs19p!19sChIJ-aoqpInt3zgR2mLX5SLxkCI?authuser=0&hl=en&rclk=1,"Psychologist, Islamabad"
145,tnithenewinceptionfe_33.565004_73.144216,TNI - The New Inception - Female Rehab Center Islamabad,"TNI - The New Inception - Female Rehab Center Islamabad
4.9(40)
Psychologist · Plot # 75 Pakistan Town Phase 2 Rd
Open 24 hours · +92 318 4815494",Psychologist,Open 24 hours,33.5650041,73.144216,https://www.google.com/maps/place/TNI+-+The+New+Inception+-+Female+Rehab+Center+Islamabad/data=!4m7!3m6!1s0x38df95e3c1ed9e1d:0x2026b1275d58f9e0!8m2!3d33.5650041!4d73.144216!16s%2Fg%2F11jyzl5cq7!19sChIJHZ7tweOV3zgR4PlYXSexJiA?authuser=0&hl=en&rclk=1,"Psychologist, Islamabad"
146,drziapainbrainphysio_33.688781_72.992211,Dr.Zia Pain & Brain Physiotherapy Center,"Dr.Zia Pain & Brain Physiotherapy Center
4.8(64)
Psychologist ·  · Raja Market, Street 48
Open ⋅ Closes 9 PM · +92 330 4343123",Psychologist,Open,33.6887813,72.9922114,https://www.google.com/maps/place/Dr.Zia+Pain+%26+Brain+Physiotherapy+Center/data=!4m7!3m6!1s0x38dfbf2e7b67bf43:0xc95eeb43e39af46f!8m2!3d33.6887813!4d72.9922114!16s%2Fg%2F11gk6b0t5f!19sChIJQ79ney6_3zgRb_Sa40PrXsk?authuser=0&hl=en&rclk=1,"Psychologist, Islamabad"
147,therealhealth_33.696894_73.051305,The Real Health,"The Real Health
4.8(68)
Rehabilitation center ·  · Second floor. Doctor plaza, IDC Building, G8 Markaz, Markaz Rd
Open 24 hours · +92 333 5303130",Rehabilitation center,Open 24 hours,33.6968941,73.0513054,https://www.google.com/maps/place/The+Real+Health/data=!4m7!3m6!1s0x38dfbf0a1d6d75c5:0xe2e0c100385d126c!8m2!3d33.6968941!4d73.0513054!16s%2Fg%2F11q83ynbhn!19sChIJxXVtHQq_3zgRbBJdOADB4OI?authuser=0&hl=en&rclk=1,"Psychologist, Islamabad"
148,imrinstituteofmedica_33.697015_73.051193,IMR: Institute of Medical Rehabilitation,"IMR: Institute of Medical Rehabilitation
4.9(95)
Psychologist ·  · 12M
Open ⋅ Closes 9 PM · +92 332 2266136",Psychologist,Open,33.6970145,73.0511933,https://www.google.com/maps/place/IMR:+Institute+of+Medical+Rehabilitation/data=!4m7!3m6!1s0x38dfbfc88e7a6653:0x8821d14b8fe96eaf!8m2!3d33.6970145!4d73.0511933!16s%2Fg%2F11ckqr975r!19sChIJU2Z6jsi_3zgRr27pj0vRIYg?authuser=0&hl=en&rclk=1,"Psychologist, Islamabad"
149,dralitherapypvtltdbe_33.710667_73.040730,Dr Ali Therapy Pvt Ltd-best chiropractor Physiotherapist in Islamabad,"Dr Ali Therapy Pvt Ltd-best chiropractor Physiotherapist in Islamabad
4.8(1,603)
Physical therapist ·  · Pakland & Kiran Plaza, Kohistan Rd, near IDC
Open ⋅ Closes 1:30 AM · +92 51 6125380",Physical therapist,Open,33.7106669,73.04073,https://www.google.com/maps/place/Dr+Ali+Therapy+Pvt+Ltd-best+chiropractor+Physiotherapist+in+Islamabad/data=!4m7!3m6!1s0x38dfbf7f9667f1d5:0x287e188a6765e906!8m2!3d33.7106669!4d73.04073!16s%2Fg%2F11rss4ydvy!19sChIJ1fFnln-_3zgRBullZ4oYfig?authuser=0&hl=en&rclk=1,"Psychologist, Islamabad"
150,symahamid_33.671234_73.016368,Syma Hamid,"Syma Hamid
5.0(1)
Psychologist · F7, Plot 2B, 1 Street 34
+92 51 8435916",Psychologist,,33.6712344,73.0163678,https://www.google.com/maps/place/Syma+Hamid/data=!4m7!3m6!1s0x38dfbfc49a695e19:0x3bd1353c51cfa140!8m2!3d33.6712344!4d73.0163678!16s%2Fg%2F11llct6g87!19sChIJGV5pmsS_3zgRQKHPUTw10Ts?authuser=0&hl=en&rclk=1,"Psychologist, Islamabad"
151,wellnesspsychologica_33.515506_73.084393,Wellness Psychological and Rehabilitation Center,"Wellness Psychological and Rehabilitation Center
5.0(25)
Psychologist · Shop # LG-6B Paradigm Heights Eiffel tower Commercial
Open ⋅ Closes 7 PM · +92 311 5332674",Psychologist,Open,33.5155058,73.0843926,https://www.google.com/maps/place/Wellness+Psychological+and+Rehabilitation+Center/data=!4m7!3m6!1s0x38df9328ea226c45:0xa8745198f40fe714!8m2!3d33.5155058!4d73.0843926!16s%2Fg%2F11sgz5yn74!19sChIJRWwi6iiT3zgRFOcP9JhRdKg?authuser=0&hl=en&rclk=1,"Psychologist, Islamabad"
152,spiremedicalrehabili_33.564428_73.126578,Spire Medical & Rehabilitation Center,"Spire Medical & Rehabilitation Center
5.0(10)
Psychologist ·  · 5
Open ⋅ Closes 9 PM · +92 330 2592597",Psychologist,Open,33.5644277,73.1265778,https://www.google.com/maps/place/Spire+Medical+%26+Rehabilitation+Center/data=!4m7!3m6!1s0x38dfed58f6848b0b:0x656c0a50acdd2174!8m2!3d33.5644277!4d73.1265778!16s%2Fg%2F11hdsmjwwp!19sChIJC4uE9ljt3zgRdCHdrFAKbGU?authuser=0&hl=en&rclk=1,"Psychologist, Islamabad"
153,physioheedphysiother_33.559532_73.087983,Physioheed Physiotherapy Home Services in Rawalpindi/Islamabad,"Physioheed Physiotherapy Home Services in Rawalpindi/Islamabad
5.0(43)
Psychologist · 1, Hill Park, GT RD W, Morgan
Open 24 hours · +92 336 7656526",Psychologist,Open 24 hours,33.5595318,73.0879827,https://www.google.com/maps/place/Physioheed+Physiotherapy+Home+Services+in+Rawalpindi%2FIslamabad/data=!4m7!3m6!1s0x38dfedd6963996cd:0xb78c44a3ae356341!8m2!3d33.5595318!4d73.0879827!16s%2Fg%2F11hzcgz_vm!19sChIJzZY5ltbt3zgRQWM1rqNEjLc?authuser=0&hl=en&rclk=1,"Psychologist, Islamabad"
154,mhsphysicaltherapysp_33.529994_73.138449,MHS Physicaltherapy Speech Therapy Behavior Therapy Occupational Therapy Clinic,"MHS Physicaltherapy Speech Therapy Behavior Therapy Occupational Therapy Clinic
5.0(1)
Psychologist · Plot 5, Sector A DHA Phase II, Islamabad
Open ⋅ Closes 8 PM · +92 311 0979070",Psychologist,Open,33.5299938,73.1384489,https://www.google.com/maps/place/MHS+Physicaltherapy+Speech+Therapy+Behavior+Therapy+Occupational+Therapy+Clinic/data=!4m7!3m6!1s0x38dfbf4637b88a03:0xf928530939400171!8m2!3d33.5299938!4d73.1384489!16s%2Fg%2F11jnsv_1dl!19sChIJA4q4N0a_3zgRcQFAOQlTKPk?authuser=0&hl=en&rclk=1,"Psychologist, Islamabad"
155,clinicalpsychologist_33.481483_73.090200,Clinical Psychologist | Raja Shahrukh,"Clinical Psychologist | Raja Shahrukh
5.0(21)
Psychologist
Open ⋅ Closes 10 PM · +92 304 4767239",Psychologist,Open,33.4814829,73.0902003,https://www.google.com/maps/place/Clinical+Psychologist+%7C+Raja+Shahrukh/data=!4m7!3m6!1s0x38df8d57a279fe1f:0xea4ea23a384bea06!8m2!3d33.4814829!4d73.0902003!16s%2Fg%2F11lcfy5ly_!19sChIJH_55oleN3zgRBupLODqiTuo?authuser=0&hl=en&rclk=1,"Psychologist, Islamabad"
